TARGET_CLASS,configuration_id,criterion,ctg_min_time_per_job,ctg_schedule,search_budget,p_object_pool,ctg_time_per_class,Size,Length,Total_Time,Random_Seed,LineCoverage,LineCoverageBitString,BranchCoverage,BranchCoverageBitString,ExceptionCoverage,ExceptionCoverageBitString,Explicit_MethodExceptions,Explicit_TypeExceptions,Implicit_MethodExceptions,Implicit_TypeExceptions,WeakMutationScore,WeakMutationCoverageBitString,OutputCoverage,OutputCoverageBitString,MethodCoverage,MethodCoverageBitString,MethodNoExceptionCoverage,MethodNoExceptionCoverageBitString,CBranchCoverage,CBranchCoverageBitString
com.facebook.presto.jdbc.PrestoStatement,default,LINE;BRANCH;EXCEPTION;WEAKMUTATION;OUTPUT;METHOD;METHODNOEXCEPTION;CBRANCH,1,BUDGET,96,0.3,2,108,367,142518,1637606724033,0.7733333333333333,111111111111111111111011111111011111111111111111011111111001111110011110011111111111111111101111111111111111111100001111111111111100000000000000000000000000000000011111101011111111110110111111111111111111111111111111111111111,0.5611510791366906,1111111111111111111111111111111111111111111001110111110000000000000000000000000000000000000010000100000101011111101110010111010111110110110,1.0,111111111111111111111111111111111111111111111111111111111111111111111111,0,0,16,1,0.8516129032258064,1001111111111111111111110100111111111111111111111111111111111111111111111110000001000000000000000000000000000001111111111111111111111111111111111111111111111111111111111111111111111111111111111111111101111111111111111111111111111111110011111011111111111111111111111111111111111111111111101111111111111111101111,0.2692307692307692,00000000000000000000000000000000000000000010010011000111000010111010011010100100101000010001001110101110,1.0,11111111111111111111111111111111111111111111111111111111111,0.6949152542372882,10110111110000000000000011101111111111111101111111111111111,0.5611510791366906,1111111111111111111111111111111111111111111001110111101000000000000000000000000000000000001000001000000101011111110110001111001111101011011
