TARGET_CLASS,configuration_id,criterion,ctg_min_time_per_job,ctg_schedule,search_budget,p_object_pool,ctg_time_per_class,Size,Length,Total_Time,Random_Seed,LineCoverage,LineCoverageBitString,BranchCoverage,BranchCoverageBitString,ExceptionCoverage,ExceptionCoverageBitString,Explicit_MethodExceptions,Explicit_TypeExceptions,Implicit_MethodExceptions,Implicit_TypeExceptions,WeakMutationScore,WeakMutationCoverageBitString,OutputCoverage,OutputCoverageBitString,MethodCoverage,MethodCoverageBitString,MethodNoExceptionCoverage,MethodNoExceptionCoverageBitString,CBranchCoverage,CBranchCoverageBitString
com.facebook.presto.tests.jdbc.JdbcTests,default,LINE;BRANCH;EXCEPTION;WEAKMUTATION;OUTPUT;METHOD;METHODNOEXCEPTION;CBRANCH,1,BUDGET,526,0.3,2,12,72,630735,1637609220430,0.16071428571428573,1000001101000010000000010000000010010010010000000100000001100000000010000000001110000010000000000000000000000000,0.08433734939759036,00111111100000000000000000000000000000000000000000000000000000000000000000000000000,1.0,111111111111,11,1,0,0,0.008368200836820083,00000000000000000000000000000000000001000000000000000000000000000000000000000000000000000000000000000000000000000000000000000000000000000000000000000000000000000000000000000000000000000000000000000000010000000000000000000000000000000000000,1.0,,0.9285714285714286,11111111111110,0.07142857142857142,10000000000000,0.08433734939759036,10101111100000000000000000000000000000000000000000000000000000000000000000000000000
