TARGET_CLASS,configuration_id,criterion,ctg_min_time_per_job,ctg_schedule,search_budget,p_object_pool,ctg_time_per_class,Size,Length,Total_Time,Random_Seed,LineCoverage,LineCoverageBitString,BranchCoverage,BranchCoverageBitString,ExceptionCoverage,ExceptionCoverageBitString,Explicit_MethodExceptions,Explicit_TypeExceptions,Implicit_MethodExceptions,Implicit_TypeExceptions,WeakMutationScore,WeakMutationCoverageBitString,OutputCoverage,OutputCoverageBitString,MethodCoverage,MethodCoverageBitString,MethodNoExceptionCoverage,MethodNoExceptionCoverageBitString,CBranchCoverage,CBranchCoverageBitString
com.facebook.presto.tests.cli.PrestoCliTests,default,LINE;BRANCH;EXCEPTION;WEAKMUTATION;OUTPUT;METHOD;METHODNOEXCEPTION;CBRANCH,1,BUDGET,223,0.3,2,24,60,300436,1637609748868,0.2391304347826087,111110000000000000000000010001100011100101000000000000001000000000000000000000000000000110001110010100010001110010100011111100000000000000,0.40425531914893614,11111111111110000010100000101000001010000000000,1.0,1111111111111111111,9,2,1,1,0.45774647887323944,11100000001011111111011111111111111111111111111111111011111111000111111111111101111111100011111111111111111110011111111111111000011100000000000000000010000000000000000001000000000000000000000001111111111111111111000000000000000000000000000000000000000000000000000000000000000000000000,0.625,10110110,1.0,1111111111111111,0.25,1100000000000110,0.40425531914893614,11111111111110100000100010010000010100000000000
