TARGET_CLASS,configuration_id,criterion,ctg_min_time_per_job,ctg_schedule,search_budget,p_object_pool,ctg_time_per_class,Size,Length,Total_Time,Random_Seed,LineCoverage,LineCoverageBitString,BranchCoverage,BranchCoverageBitString,ExceptionCoverage,ExceptionCoverageBitString,Explicit_MethodExceptions,Explicit_TypeExceptions,Implicit_MethodExceptions,Implicit_TypeExceptions,WeakMutationScore,WeakMutationCoverageBitString,OutputCoverage,OutputCoverageBitString,MethodCoverage,MethodCoverageBitString,MethodNoExceptionCoverage,MethodNoExceptionCoverageBitString,CBranchCoverage,CBranchCoverageBitString
com.facebook.presto.common.predicate.SortedRangeSet,default,LINE;BRANCH;EXCEPTION;WEAKMUTATION;OUTPUT;METHOD;METHODNOEXCEPTION;CBRANCH,1,BUDGET,95,0.3,2,7,9,125553,1636841202344,0.09032258064516129,00000000100000000000000000000000000001100000000000000000000000000000000000000000011111111000000000000000000000001110000000000000000000000000000000000000000,0.05714285714285714,000000001000101001000000011000000000000000000000000000000000000000000000000000000000000000000000000000000,1.0,111111,0,0,6,1,0.0945945945945946,1111100000111111110000000000000000000000000000000000000000000000000000000000000000000000000000000000000000000000000010000000000000000000000000000000,0.0,000000000000000000000000000000000000000000000000000000000,0.2413793103448276,10011000000000000001110001000,0.0,00000000000000000000000000000,0.05714285714285714,010101000100000000000000011000000000000000000000000000000000000000000000000000000000000000000000000000000
