TARGET_CLASS,configuration_id,criterion,ctg_min_time_per_job,ctg_schedule,search_budget,p_object_pool,ctg_time_per_class,Size,Length,Total_Time,Random_Seed,LineCoverage,LineCoverageBitString,BranchCoverage,BranchCoverageBitString,ExceptionCoverage,ExceptionCoverageBitString,Explicit_MethodExceptions,Explicit_TypeExceptions,Implicit_MethodExceptions,Implicit_TypeExceptions,WeakMutationScore,WeakMutationCoverageBitString,OutputCoverage,OutputCoverageBitString,MethodCoverage,MethodCoverageBitString,MethodNoExceptionCoverage,MethodNoExceptionCoverageBitString,CBranchCoverage,CBranchCoverageBitString
com.facebook.presto.common.SubfieldTokenizer,default,LINE;BRANCH;EXCEPTION;WEAKMUTATION;OUTPUT;METHOD;METHODNOEXCEPTION;CBRANCH,1,BUDGET,124,0.3,2,18,42,188804,1637275777645,0.8383838383838383,111111111111111111111111101111111111111111111111000000000010100001111111111111111111111111111111111,0.7978723404255319,1111111110111111111111111111111111111111111111111111111111111111111000000000000000100011111111,1.0,111111,5,3,1,1,0.8698630136986302,1111111111111111111111111111111111111111111111111111111111110111111111111111111111111111111111111111111111111111111111111111111111111111101111111111111111111111110111111111111111111111111111111100000000000000000000000000111111111000000001111101111111111111111111111111111111111111111111111111,0.625,11110010,1.0,11111,0.8,11101,0.7872340425531915,1111111101111111111111111111111111111111111111111111111111111111110000010000000000100001111111
