TARGET_CLASS,configuration_id,criterion,ctg_min_time_per_job,ctg_schedule,search_budget,p_object_pool,ctg_time_per_class,Size,Length,Total_Time,Random_Seed,LineCoverage,LineCoverageBitString,BranchCoverage,BranchCoverageBitString,ExceptionCoverage,ExceptionCoverageBitString,Explicit_MethodExceptions,Explicit_TypeExceptions,Implicit_MethodExceptions,Implicit_TypeExceptions,WeakMutationScore,WeakMutationCoverageBitString,OutputCoverage,OutputCoverageBitString,MethodCoverage,MethodCoverageBitString,MethodNoExceptionCoverage,MethodNoExceptionCoverageBitString,CBranchCoverage,CBranchCoverageBitString
com.facebook.presto.common.SubfieldTokenizer,default,LINE;BRANCH;EXCEPTION;WEAKMUTATION;OUTPUT;METHOD;METHODNOEXCEPTION;CBRANCH,1,BUDGET,127,0.3,2,21,52,206635,1636840520242,0.8787878787878788,111111111111111111111111101111111111111111111111100000101110100001111111111111111111111111111111111,0.8404255319148937,1111111110111111111111111111111111111111111111111111111111110111111101011000000010100011111111,1.0,111111,5,3,1,1,0.9383561643835616,1111111111111111111111111111111111111111111111111111111111110111111111111111111111111111111111111111111111111111111111111111111111111111101111111111111111111111110111111111011111111111111111111111111111101011110111110110111111111000000001111101111111111111111111111111111111111111111111111111,0.625,11110010,1.0,11111,0.8,11101,0.8404255319148937,1111111101111111111111111111111111111111111111111111111111111110111110011000000010100011111111
