TARGET_CLASS,configuration_id,criterion,ctg_min_time_per_job,ctg_schedule,search_budget,p_object_pool,ctg_time_per_class,Size,Length,Total_Time,Random_Seed,LineCoverage,LineCoverageBitString,BranchCoverage,BranchCoverageBitString,ExceptionCoverage,ExceptionCoverageBitString,Explicit_MethodExceptions,Explicit_TypeExceptions,Implicit_MethodExceptions,Implicit_TypeExceptions,WeakMutationScore,WeakMutationCoverageBitString,OutputCoverage,OutputCoverageBitString,MethodCoverage,MethodCoverageBitString,MethodNoExceptionCoverage,MethodNoExceptionCoverageBitString,CBranchCoverage,CBranchCoverageBitString
com.facebook.presto.hive.metastore.HiveColumnStatistics,default,LINE;BRANCH;EXCEPTION;WEAKMUTATION;OUTPUT;METHOD;METHODNOEXCEPTION;CBRANCH,1,BUDGET,62,0.3,2,57,215,94226,1637443118916,1.0,11111111111111111111111111111111111111111111111111111111111111111111111111111111111111111111111111111111111111111111111111111111111111111111111111111111111111,0.9848484848484849,111111111111111111111111111111111111111111111111111101111111111111,1.0,111111111,0,0,9,1,1.0,1111111111111111111111111111111111111111111111111111111111111111111111111111111111111111111111111111111111111111111111111111111,0.5116279069767442,1010101010101010101011101010101010101010010,1.0,111111111111111111111111111111111111111111,0.9761904761904762,011111111111111111111111111111111111111111,0.9545454545454546,111111111111111111111111111111111111111100111111111110111111111111
