TARGET_CLASS,configuration_id,criterion,ctg_min_time_per_job,ctg_schedule,search_budget,p_object_pool,ctg_time_per_class,Size,Length,Total_Time,Random_Seed,LineCoverage,LineCoverageBitString,BranchCoverage,BranchCoverageBitString,ExceptionCoverage,ExceptionCoverageBitString,Explicit_MethodExceptions,Explicit_TypeExceptions,Implicit_MethodExceptions,Implicit_TypeExceptions,WeakMutationScore,WeakMutationCoverageBitString,OutputCoverage,OutputCoverageBitString,MethodCoverage,MethodCoverageBitString,MethodNoExceptionCoverage,MethodNoExceptionCoverageBitString,CBranchCoverage,CBranchCoverageBitString
com.facebook.presto.verifier.framework.LimitQueryDeterminismAnalyzer,default,LINE;BRANCH;EXCEPTION;WEAKMUTATION;OUTPUT;METHOD;METHODNOEXCEPTION;CBRANCH,1,BUDGET,245,0.3,2,4,17,310629,1637614117472,0.12318840579710146,111111111001111110101000000000000000000000000000000000000000000000000000000000000000000000000000000000000000000000000000000000000000000000,0.09333333333333334,000001011111010000000000000000000000000000000000000000000000000000000000000,1.0,11,1,1,1,1,0.024691358024691357,111100000000000000000000000000000000000000000000000000000000000000000000000000000000000000000000000000000000000000000000000000000000000000000000000000000000000000,0.5,10,0.4,11000,0.4,11000,0.09333333333333334,000000111111010000000000000000000000000000000000000000000000000000000000000
