TARGET_CLASS,configuration_id,criterion,ctg_min_time_per_job,ctg_schedule,search_budget,p_object_pool,ctg_time_per_class,Size,Length,Total_Time,Random_Seed,LineCoverage,LineCoverageBitString,BranchCoverage,BranchCoverageBitString,ExceptionCoverage,ExceptionCoverageBitString,Explicit_MethodExceptions,Explicit_TypeExceptions,Implicit_MethodExceptions,Implicit_TypeExceptions,WeakMutationScore,WeakMutationCoverageBitString,OutputCoverage,OutputCoverageBitString,MethodCoverage,MethodCoverageBitString,MethodNoExceptionCoverage,MethodNoExceptionCoverageBitString,CBranchCoverage,CBranchCoverageBitString
com.facebook.presto.kudu.TypeHelper,default,LINE;BRANCH;EXCEPTION;WEAKMUTATION;OUTPUT;METHOD;METHODNOEXCEPTION;CBRANCH,1,BUDGET,206,0.3,2,55,290,283382,1637476878973,0.8943089430894309,001111111111111111111111111111111111111111101111111111111100001111111111111111111111110111111001111111111111111111111010101,0.926829268292683,111111111111111111111101010111111111111111111111111111111111111111111111011111111111111111111111011111111111110001111111110,1.0,1111111111111111111,9,2,10,3,0.9310344827586207,1111111111111111111111010111111111111111111111111111111111111111111111111111111111111111111111111111111111111111111110000011111111111111111110001,0.4666666666666667,101111111111110000000000000010,1.0,11111111,0.875,11111101,0.926829268292683,111111111111111111111011001111111111111111111111111111111111111111111111011111111111111111111111011111111111101001111111110
