TARGET_CLASS,configuration_id,criterion,ctg_min_time_per_job,ctg_schedule,search_budget,p_object_pool,ctg_time_per_class,Size,Length,Total_Time,Random_Seed,LineCoverage,LineCoverageBitString,BranchCoverage,BranchCoverageBitString,ExceptionCoverage,ExceptionCoverageBitString,Explicit_MethodExceptions,Explicit_TypeExceptions,Implicit_MethodExceptions,Implicit_TypeExceptions,WeakMutationScore,WeakMutationCoverageBitString,OutputCoverage,OutputCoverageBitString,MethodCoverage,MethodCoverageBitString,MethodNoExceptionCoverage,MethodNoExceptionCoverageBitString,CBranchCoverage,CBranchCoverageBitString
com.facebook.presto.common.array.IntBigArrays,default,LINE;BRANCH;EXCEPTION;WEAKMUTATION;OUTPUT;METHOD;METHODNOEXCEPTION;CBRANCH,1,BUDGET,80,0.3,2,24,48,123997,1637277766196,0.5076923076923077,01110001111111111100111111100000000000000000000111110001111111000,0.30612244897959184,1111111111101000000000000000000000000000011010000,1.0,11111111,0,0,8,2,0.5009523809523809,111111111111111111111111111111111111111111111111111111111111111111111111111111111111111111111110111111111111111111111111111111111111111111111111011111101111111111111111101111111111111111111111100000000000000000000000000000000000000000000000000000000000000000000000000000000000000000000000111111111111111111111000000000000000000000000000000000000111111000000000000000000000000000000000000000000000000000000000000000000000011011111111111111100000000000110101111111111111111111000000000000001111101011000000000000000000000000000,0.8888888888888888,011111111,1.0,111111,1.0,111111,0.30612244897959184,1111111111100100000000000000000000000000011100000
