TARGET_CLASS,configuration_id,criterion,ctg_min_time_per_job,ctg_schedule,search_budget,p_object_pool,ctg_time_per_class,Size,Length,Total_Time,Random_Seed,LineCoverage,LineCoverageBitString,BranchCoverage,BranchCoverageBitString,ExceptionCoverage,ExceptionCoverageBitString,Explicit_MethodExceptions,Explicit_TypeExceptions,Implicit_MethodExceptions,Implicit_TypeExceptions,WeakMutationScore,WeakMutationCoverageBitString,OutputCoverage,OutputCoverageBitString,MethodCoverage,MethodCoverageBitString,MethodNoExceptionCoverage,MethodNoExceptionCoverageBitString,CBranchCoverage,CBranchCoverageBitString
com.facebook.presto.plugin.blackhole.BlackHoleMetadata,default,LINE;BRANCH;EXCEPTION;WEAKMUTATION;OUTPUT;METHOD;METHODNOEXCEPTION;CBRANCH,1,BUDGET,173,0.3,2,24,77,230722,1637463030248,0.4222222222222222,111111000000000000000101101011100110110011000010000000000111110000011111111111110000000000,0.38,11111111111101111010000000000000000000000000001001,1.0,11111111111111111,2,2,15,2,0.07857142857142857,10100110000110000000000000000000000000000000000000000000000000000000000000000000000000000000000000000000000000000000000000000000000010100111,0.13725490196078433,000000100000000000000011000000000000000010010010010,0.9473684210526315,1111111110111111111,0.42105263157894735,1001000100011001110,0.38,11011111111111110110000000000000000000000000000011
