TARGET_CLASS,configuration_id,criterion,ctg_min_time_per_job,ctg_schedule,search_budget,p_object_pool,ctg_time_per_class,Size,Length,Total_Time,Random_Seed,LineCoverage,LineCoverageBitString,BranchCoverage,BranchCoverageBitString,ExceptionCoverage,ExceptionCoverageBitString,Explicit_MethodExceptions,Explicit_TypeExceptions,Implicit_MethodExceptions,Implicit_TypeExceptions,WeakMutationScore,WeakMutationCoverageBitString,OutputCoverage,OutputCoverageBitString,MethodCoverage,MethodCoverageBitString,MethodNoExceptionCoverage,MethodNoExceptionCoverageBitString,CBranchCoverage,CBranchCoverageBitString
com.facebook.presto.rcfile.binary.TimestampEncoding,default,LINE;BRANCH;EXCEPTION;WEAKMUTATION;OUTPUT;METHOD;METHODNOEXCEPTION;CBRANCH,1,BUDGET,104,0.3,2,13,70,158253,1637439078510,0.5977011494252874,111111111110011000000000000100111111110000000000000110000010111111111111111111111111111,0.6326530612244898,1111111111111000000000000000011101101111111111111,1.0,1111111,0,0,7,2,0.4566929133858268,11111111111111111111111111111111111111111111111111111111011111111110000000000000000000000000000000000000000000000000000000000000000000000000000000111100000000000000001110000000000000000000000000000000000000000000000000000000000000000000000000000000000000000000000000000000000000000000000000000000000000000000000000000000000000000000000000000000000000000000000000000000000000000000000000000000000000000000000000001111111111111111111111111111111111111110101111111111111011111111111111111111111111111111111111111111011111111111111111111111111111111111111111111111111011111111111110111111111111111111111111111111111111111111111111111111111,0.375,11000001,1.0,1111111,0.7142857142857143,1101101,0.6326530612244898,1111111111111000000000000000011100111111111111111
