TARGET_CLASS,configuration_id,criterion,ctg_min_time_per_job,ctg_schedule,search_budget,p_object_pool,ctg_time_per_class,Size,Length,Total_Time,Random_Seed,LineCoverage,LineCoverageBitString,BranchCoverage,BranchCoverageBitString,ExceptionCoverage,ExceptionCoverageBitString,Explicit_MethodExceptions,Explicit_TypeExceptions,Implicit_MethodExceptions,Implicit_TypeExceptions,WeakMutationScore,WeakMutationCoverageBitString,OutputCoverage,OutputCoverageBitString,MethodCoverage,MethodCoverageBitString,MethodNoExceptionCoverage,MethodNoExceptionCoverageBitString,CBranchCoverage,CBranchCoverageBitString
com.facebook.presto.plugin.geospatial.SphericalGeoFunctions,default,LINE;BRANCH;EXCEPTION;WEAKMUTATION;OUTPUT;METHOD;METHODNOEXCEPTION;CBRANCH,1,BUDGET,78,0.3,2,12,12,118533,1637573996277,0.0945945945945946,0000000000001100010101110000100000000001100000000000000000000000000001100000000000000011000000000000000000000000000000000000000000000000000000000000,0.11940298507462686,1111000000000000000001010110000000000000000000000000000000000000000,1.0,1111111111,1,1,9,2,0.04887218045112782,0000000000000000000000000000000000000000000000000000000000000000000000000001111111111111111011011011111010000000000000000000000000000000000000000000000000000000000000000000000000000000000000000000000000000000000000000000000000000000000000000000000000000000000000000000000000000000000000000000000000000000000000000000000000000000000000000000000000000000000000000000000000000000000000000000000000000000000000000000000000000000000000000000000000000000000000000000000000000000000000000000000000000000000000000000000000000000000000000000,0.006097560975609756,00000000000000000000000000000000000000000000000000000000000000000000000000000000000000000000000000000000000000000000000000000000000000000000000000000100000000000000,0.9090909090909091,11111111110,0.09090909090909091,00000000100,0.11940298507462686,1110100000000000000000110110000000000000000000000000000000000000000
