TARGET_CLASS,configuration_id,criterion,ctg_min_time_per_job,ctg_schedule,search_budget,p_object_pool,ctg_time_per_class,Size,Length,Total_Time,Random_Seed,LineCoverage,LineCoverageBitString,BranchCoverage,BranchCoverageBitString,ExceptionCoverage,ExceptionCoverageBitString,Explicit_MethodExceptions,Explicit_TypeExceptions,Implicit_MethodExceptions,Implicit_TypeExceptions,WeakMutationScore,WeakMutationCoverageBitString,OutputCoverage,OutputCoverageBitString,MethodCoverage,MethodCoverageBitString,MethodNoExceptionCoverage,MethodNoExceptionCoverageBitString,CBranchCoverage,CBranchCoverageBitString
com.facebook.presto.common.block.BlockUtil,default,LINE;BRANCH;EXCEPTION;WEAKMUTATION;OUTPUT;METHOD;METHODNOEXCEPTION;CBRANCH,1,BUDGET,139,0.3,2,97,154,229386,1636840240177,0.8712871287128713,00111111111111111101111111111111111111111111111111111111101101111111111111111100111111100000011111111,0.8640776699029126,1111111111111111111111111111111111111111111110000001111111011111110111111111111111110111101111111110000,1.0,1111111111111111111111111111111111111111111,11,3,32,5,0.9368556701030928,11111111111111111111111111111111111111111111111111111111111111111111111111111111111111111111111111111111111111111111111111111111111111111111111111111111111111111111111111111111111111110111111111111101111111111111111111111111111111111111111101111111111111011111111111111111111111111111111111111111111111111110111111111111111111111111111111111111111111111111111111111111100000000000000000001111111111111111111111111111111111011111111111111111111111111111111111111111111111110111111111111111111111111111111111111111111110111111111111111110111111101111111111111111111111111111111111111111111111111111111111111111111111111111111111111111111111111111111111111111111111111111111111111111111111111111111111111111111111111111111111111111111111111111111111111111101110000000000000000000,0.43333333333333335,010010010101110101101101101101100100000000000000001110011101,1.0,1111111111111111111111,0.9545454545454546,1111111111111111101111,0.8640776699029126,1111111111111111111111111111111111111111111110000001111110111111110111111111111111101111101111111110000
