TARGET_CLASS,configuration_id,criterion,ctg_min_time_per_job,ctg_schedule,search_budget,p_object_pool,ctg_time_per_class,Size,Length,Total_Time,Random_Seed,LineCoverage,LineCoverageBitString,BranchCoverage,BranchCoverageBitString,ExceptionCoverage,ExceptionCoverageBitString,Explicit_MethodExceptions,Explicit_TypeExceptions,Implicit_MethodExceptions,Implicit_TypeExceptions,WeakMutationScore,WeakMutationCoverageBitString,OutputCoverage,OutputCoverageBitString,MethodCoverage,MethodCoverageBitString,MethodNoExceptionCoverage,MethodNoExceptionCoverageBitString,CBranchCoverage,CBranchCoverageBitString
com.facebook.presto.spi.plan.AggregationNode,default,LINE;BRANCH;EXCEPTION;WEAKMUTATION;OUTPUT;METHOD;METHODNOEXCEPTION;CBRANCH,1,BUDGET,209,0.3,2,18,51,300143,1636850508529,0.312,00000000000000000000001110000000000000000000000001100000000001101110000000000000000000000001111111111111111111110000011111111,0.23357664233576642,11000000010000110000000000000101100000000000000000000000000000000000000000000000000000000000101110101100111111111010111110000000000000011,1.0,111,1,1,2,1,0.29856115107913667,00000000000000000000000000000000000000000000000000000000000000000000000000000000000000000000000000010010111111111111111111001010100111011111111111111111111111111110000000000000000000000111111111111111111111111100000000000000000000000000000000000000000000000000000000000000001111,0.036585365853658534,0000000000000000000000000000000000000000000000000000000000010001000000000000000100,0.29545454545454547,00000000000000011000000011000000000111111111,0.2727272727272727,00000000000000011000000010000000000111111111,0.23357664233576642,00000000001100001001110000000110000000000000000000000000000000000000000000000000000000000001001111010100111111111100111110000000000000011
