TARGET_CLASS,configuration_id,criterion,ctg_min_time_per_job,ctg_schedule,search_budget,p_object_pool,ctg_time_per_class,Size,Length,Total_Time,Random_Seed,LineCoverage,LineCoverageBitString,BranchCoverage,BranchCoverageBitString,ExceptionCoverage,ExceptionCoverageBitString,Explicit_MethodExceptions,Explicit_TypeExceptions,Implicit_MethodExceptions,Implicit_TypeExceptions,WeakMutationScore,WeakMutationCoverageBitString,OutputCoverage,OutputCoverageBitString,MethodCoverage,MethodCoverageBitString,MethodNoExceptionCoverage,MethodNoExceptionCoverageBitString,CBranchCoverage,CBranchCoverageBitString
com.facebook.presto.rcfile.RcFileDecoderUtils,default,LINE;BRANCH;EXCEPTION;WEAKMUTATION;OUTPUT;METHOD;METHODNOEXCEPTION;CBRANCH,1,BUDGET,155,0.3,2,34,45,225573,1637439059761,0.44954128440366975,0000000000011010000111111111110000000000000000011100001111000000001111110011011111111100000110111111111000000,0.5194805194805194,11111111111110000000011110011111000000011111111000011111111000010100000000000,1.0,11111111111,1,1,10,1,0.38335287221570924,1111111111111111111111111111111111111111111111111111111111111111111111111111111111100000000000000000000000000000000000000000000000000000001110000000000000000000011111111111111111111111111111111010011111100111111111111111000000000111100000000111111111111111111111111111111111111111000110000000000000000000000000000000000000000000000000000000000000000000000000000000000000000000000000001111111111011111111110111111111111110111111111111111111111111101111111111101111111000000000000000000000000000000000000000000000000000000000000000000000000000000000000000000000000000001111111111111111111111111111101111111111111111110111111110111000000000000000000000000000000000000000000000000000000000000000000000000000000000000000000011000000001000000000000000000000000000000000000000000000000001111000000000000000000000000000000000000000000000000000000000000000000000,0.24,1110100000001100000000000,1.0,111111111111,0.25,110010000000,0.5194805194805194,11111111111110000000011110011111000000011111111000011111111000001100000000000
