TARGET_CLASS,configuration_id,criterion,ctg_min_time_per_job,ctg_schedule,search_budget,p_object_pool,ctg_time_per_class,Size,Length,Total_Time,Random_Seed,LineCoverage,LineCoverageBitString,BranchCoverage,BranchCoverageBitString,ExceptionCoverage,ExceptionCoverageBitString,Explicit_MethodExceptions,Explicit_TypeExceptions,Implicit_MethodExceptions,Implicit_TypeExceptions,WeakMutationScore,WeakMutationCoverageBitString,OutputCoverage,OutputCoverageBitString,MethodCoverage,MethodCoverageBitString,MethodNoExceptionCoverage,MethodNoExceptionCoverageBitString,CBranchCoverage,CBranchCoverageBitString
com.facebook.presto.common.block.AbstractSingleMapBlock,default,LINE;BRANCH;EXCEPTION;WEAKMUTATION;OUTPUT;METHOD;METHODNOEXCEPTION;CBRANCH,1,BUDGET,127,0.3,2,83,294,204283,1636840516065,0.7850467289719626,11000000010001110001111111111111111111111111111111111111111111111111111111111111111100111111100001101011100,0.7549019607843137,111111111111111111110000000000001111100111110111110111110111110111110111110111110111110111110110011111,1.0,11111111111111111111111111111111111111111111111111111111111,38,3,21,1,0.719327731092437,1111111111111111111110111111110001111111100000000000000000000000000000000000000000000000000000000000000000000000000000000000000000000000000000000000000000000000000000000000000011111111111111111111111111111111111111111111111111111111111111010000000001111111111111111100111111110000000011111111110111111111111111111111111101111111111111111111111111111011111111111111111111111111111111111111111111111111111111110111111111111111111111111111101111111111111111111111111111111111111111111111111111111111111111111111111111111111111111111111111111111111111111111011111111111111111101111111111110111111111,0.12380952380952381,000000000000000001000000000000011000000000000110000000000000010100000000000000000111000000000000001010010,0.9705882352941176,1011111111111111111111111111111111,0.23529411764705882,0000000100001000010000110010101000,0.7352941176470589,111111111101111111110000000000001111010111111110100111111011111011111101111110111101111011111010110111
