TARGET_CLASS,configuration_id,criterion,ctg_min_time_per_job,ctg_schedule,search_budget,p_object_pool,ctg_time_per_class,Size,Length,Total_Time,Random_Seed,LineCoverage,LineCoverageBitString,BranchCoverage,BranchCoverageBitString,ExceptionCoverage,ExceptionCoverageBitString,Explicit_MethodExceptions,Explicit_TypeExceptions,Implicit_MethodExceptions,Implicit_TypeExceptions,WeakMutationScore,WeakMutationCoverageBitString,OutputCoverage,OutputCoverageBitString,MethodCoverage,MethodCoverageBitString,MethodNoExceptionCoverage,MethodNoExceptionCoverageBitString,CBranchCoverage,CBranchCoverageBitString
com.facebook.presto.spi.plan.AggregationNode,default,LINE;BRANCH;EXCEPTION;WEAKMUTATION;OUTPUT;METHOD;METHODNOEXCEPTION;CBRANCH,1,BUDGET,205,0.3,2,17,54,332121,1637296931612,0.328,11100000000000000000001110000000000000000000000001100000000001101000000000000000000000000001111111111111111111111000011111111,0.23357664233576642,11000000000000110000000000000111100000000000000000000000000000000000000000000000000000000000101110101100111111111010111110000000000000011,1.0,1111,1,1,3,1,0.34532374100719426,00000000000000000000000000000000000000000000000000000000000000000000000000000000000000000000000000010010111111111111111111001010100111011111111111111111111111111111111111111111100000000111111111111111111111111000000000000000000000000000000000000000000000000000000000000000001111,0.036585365853658534,0000000000000000000000000000000000000000000000000000000000010001000000000000000100,0.29545454545454547,10000000000000011000000010000000000111111111,0.2727272727272727,00000000000000011000000010000000000111111111,0.23357664233576642,00000000001100001001100010000110000000000000000000000000000000000000000000000000000000000001001111010100111111111100111110000000000000011
