TARGET_CLASS,configuration_id,criterion,ctg_min_time_per_job,ctg_schedule,search_budget,p_object_pool,ctg_time_per_class,Size,Length,Total_Time,Random_Seed,LineCoverage,LineCoverageBitString,BranchCoverage,BranchCoverageBitString,ExceptionCoverage,ExceptionCoverageBitString,Explicit_MethodExceptions,Explicit_TypeExceptions,Implicit_MethodExceptions,Implicit_TypeExceptions,WeakMutationScore,WeakMutationCoverageBitString,OutputCoverage,OutputCoverageBitString,MethodCoverage,MethodCoverageBitString,MethodNoExceptionCoverage,MethodNoExceptionCoverageBitString,CBranchCoverage,CBranchCoverageBitString
com.facebook.presto.hive.metastore.thrift.BridgingHiveMetastore,default,LINE;BRANCH;EXCEPTION;WEAKMUTATION;OUTPUT;METHOD;METHODNOEXCEPTION;CBRANCH,1,BUDGET,58,0.3,2,44,281,92074,1637443235870,0.6194690265486725,11111110000011110010111001000001111111111111111111100000000000111111111111100000000000111111111000001101111111111,0.6724137931034483,1111111111111111111111111111111110000101010100000000010100,0.7878787878787878,011111110011111111111111101001011,5,2,21,1,0.6,111111111111111111111100001111111011111111111111010000000000001111111111111000000000000111111111111100000000000000000000000011111100000000000000001111111111001010000011111111111111111111111111111,0.35294117647058826,00001111010010110000100000100100100000000100111001000001010011010011,1.0,111111111111111111111111111111111111111,0.7948717948717948,101101001111111011111111111111010011111,0.6724137931034483,1111111111111111011111111111111111001001101000000000100100
