TARGET_CLASS,configuration_id,criterion,ctg_min_time_per_job,ctg_schedule,search_budget,p_object_pool,ctg_time_per_class,Size,Length,Total_Time,Random_Seed,LineCoverage,LineCoverageBitString,BranchCoverage,BranchCoverageBitString,ExceptionCoverage,ExceptionCoverageBitString,Explicit_MethodExceptions,Explicit_TypeExceptions,Implicit_MethodExceptions,Implicit_TypeExceptions,WeakMutationScore,WeakMutationCoverageBitString,OutputCoverage,OutputCoverageBitString,MethodCoverage,MethodCoverageBitString,MethodNoExceptionCoverage,MethodNoExceptionCoverageBitString,CBranchCoverage,CBranchCoverageBitString
com.facebook.presto.spi.function.SqlInvokedFunction,default,LINE;BRANCH;EXCEPTION;WEAKMUTATION;OUTPUT;METHOD;METHODNOEXCEPTION;CBRANCH,1,BUDGET,147,0.3,2,30,196,182657,1637298012697,0.6666666666666666,000000000000011111111111111111111111111011101101111101111111111100000101100,0.6428571428571429,11111101111111001001011001110101011111110101010101010100,1.0,111111,0,0,2,1,0.7064220183486238,1000000011111101111111111111111111111111111111101111111111111111111111111111111111111100000000000000000000000,0.27450980392156865,111001011001000000000000000100110101110000000000000,0.9047619047619048,011111101111111111111,0.9047619047619048,011111101111111111111,0.6428571428571429,01111111111111001010101001110110011111111001010101100100
