TARGET_CLASS,configuration_id,criterion,ctg_min_time_per_job,ctg_schedule,search_budget,p_object_pool,ctg_time_per_class,Size,Length,Total_Time,Random_Seed,LineCoverage,LineCoverageBitString,BranchCoverage,BranchCoverageBitString,ExceptionCoverage,ExceptionCoverageBitString,Explicit_MethodExceptions,Explicit_TypeExceptions,Implicit_MethodExceptions,Implicit_TypeExceptions,WeakMutationScore,WeakMutationCoverageBitString,OutputCoverage,OutputCoverageBitString,MethodCoverage,MethodCoverageBitString,MethodNoExceptionCoverage,MethodNoExceptionCoverageBitString,CBranchCoverage,CBranchCoverageBitString
com.facebook.presto.tests.hive.TestHiveCoercion,default,LINE;BRANCH;EXCEPTION;WEAKMUTATION;OUTPUT;METHOD;METHODNOEXCEPTION;CBRANCH,1,BUDGET,155,0.3,2,12,30,223831,1637609892223,0.15757575757575756,100000000000000000000000000000000000000000001000000000000000000000000000000000000000000000000000000000000000010101000000000001101100000000000001010101010111111111111,0.44,11111111110111010100010101110000000000000000101000,1.0,111111,6,1,0,0,0.08558558558558559,000000000000000000000000111111111111111111111111111111000000000000000000000000000000000000000000000000000000000011111100000000000000000000000000000000000000000000000000000000000000000000000000000000000000000000000000000000000000000000000000000000000000000000000000000000000000000000000000000000000000000000000000000000000000000000000000000000000000000000000000000000000000000000000000000000000000000000000000000110000000000000000000000000000000,1.0,,1.0,1111111111111111111,0.6842105263157895,1000000111111111111,0.44,11110111110110001110111101100000000000000000011000
