TARGET_CLASS,configuration_id,criterion,ctg_min_time_per_job,ctg_schedule,search_budget,p_object_pool,ctg_time_per_class,Size,Length,Total_Time,Random_Seed,LineCoverage,LineCoverageBitString,BranchCoverage,BranchCoverageBitString,ExceptionCoverage,ExceptionCoverageBitString,Explicit_MethodExceptions,Explicit_TypeExceptions,Implicit_MethodExceptions,Implicit_TypeExceptions,WeakMutationScore,WeakMutationCoverageBitString,OutputCoverage,OutputCoverageBitString,MethodCoverage,MethodCoverageBitString,MethodNoExceptionCoverage,MethodNoExceptionCoverageBitString,CBranchCoverage,CBranchCoverageBitString
com.facebook.presto.bytecode.expression.ArithmeticBytecodeExpression,default,LINE;BRANCH;EXCEPTION;WEAKMUTATION;OUTPUT;METHOD;METHODNOEXCEPTION;CBRANCH,1,BUDGET,230,0.3,2,15,45,297730,1636847820718,0.5915492957746479,00000011000000000001111000000001111111111110111111111111111101010111111,0.5181818181818182,10001111111111111111111111111111111111111111111111010000000000000000000000000000000000000000000000111010101111,1.0,111,2,1,1,1,0.36885245901639346,11110000000111111111111111111111110111100000000000000000000000000000000000000000001100000100000000100000000011111111110000,0.11764705882352941,00000000000000101,0.4,10001,0.2,00001,0.5181818181818182,00011111111111111111111111111111111111111111111011110000000000000000000000000000000000000000000000111001101111
