TARGET_CLASS,configuration_id,criterion,ctg_min_time_per_job,ctg_schedule,search_budget,p_object_pool,ctg_time_per_class,Size,Length,Total_Time,Random_Seed,LineCoverage,LineCoverageBitString,BranchCoverage,BranchCoverageBitString,ExceptionCoverage,ExceptionCoverageBitString,Explicit_MethodExceptions,Explicit_TypeExceptions,Implicit_MethodExceptions,Implicit_TypeExceptions,WeakMutationScore,WeakMutationCoverageBitString,OutputCoverage,OutputCoverageBitString,MethodCoverage,MethodCoverageBitString,MethodNoExceptionCoverage,MethodNoExceptionCoverageBitString,CBranchCoverage,CBranchCoverageBitString
com.facebook.presto.common.type.TypeSignatureParameter,default,LINE;BRANCH;EXCEPTION;WEAKMUTATION;OUTPUT;METHOD;METHODNOEXCEPTION;CBRANCH,1,BUDGET,80,0.3,2,36,71,121560,1637277761125,0.8888888888888888,111111111111111110011111111001101111111111111,0.7966101694915254,11111111111111110111011101011010110010111010111011111111111,1.0,11111111111,6,1,5,1,0.8936170212765957,11011111011111011011111111111011111111111111111,0.34057971014492755,111000111111111111111111000000000000100011011101110101011100110101010000000000000000000000000000000000000000000000000000001010101010010010,1.0,111111111111111111111111,0.6666666666666666,110100101111111111000011,0.7966101694915254,11111111111111110110111101011000111110111011011001111111111
