TARGET_CLASS,configuration_id,criterion,ctg_min_time_per_job,ctg_schedule,search_budget,p_object_pool,ctg_time_per_class,Size,Length,Total_Time,Random_Seed,LineCoverage,LineCoverageBitString,BranchCoverage,BranchCoverageBitString,ExceptionCoverage,ExceptionCoverageBitString,Explicit_MethodExceptions,Explicit_TypeExceptions,Implicit_MethodExceptions,Implicit_TypeExceptions,WeakMutationScore,WeakMutationCoverageBitString,OutputCoverage,OutputCoverageBitString,MethodCoverage,MethodCoverageBitString,MethodNoExceptionCoverage,MethodNoExceptionCoverageBitString,CBranchCoverage,CBranchCoverageBitString
com.facebook.presto.common.predicate.EquatableValueSet,default,LINE;BRANCH;EXCEPTION;WEAKMUTATION;OUTPUT;METHOD;METHODNOEXCEPTION;CBRANCH,1,BUDGET,97,0.3,2,51,207,160024,1637276721317,0.8514851485148515,11111111111111101111111111111111101111111101111111111111110001111111111111111100000111111110110001111,0.7623762376237624,11111111111111100111111001111001101011101011110011010111011111111111111111110111111011101111011010000,1.0,11111111111111111111,12,2,8,1,0.7839506172839507,111111100000011111001011111100101111111011110100110100001111001111111111111111111111111111111111111111111111111110001111111111111111111111111111111111011100000000,0.4842105263157895,01101010011111011010100110010110000000000000101011111011011111011100110010000000000010111110110,0.9642857142857143,1111111110111111111111111111,0.8571428571428571,1111111100111111111011101111,0.7128712871287128,11111001111110100011011111111000111011110101110011001011111111111111111111110111111101000111011100000
