TARGET_CLASS,configuration_id,criterion,ctg_min_time_per_job,ctg_schedule,search_budget,p_object_pool,ctg_time_per_class,Size,Length,Total_Time,Random_Seed,LineCoverage,LineCoverageBitString,BranchCoverage,BranchCoverageBitString,ExceptionCoverage,ExceptionCoverageBitString,Explicit_MethodExceptions,Explicit_TypeExceptions,Implicit_MethodExceptions,Implicit_TypeExceptions,WeakMutationScore,WeakMutationCoverageBitString,OutputCoverage,OutputCoverageBitString,MethodCoverage,MethodCoverageBitString,MethodNoExceptionCoverage,MethodNoExceptionCoverageBitString,CBranchCoverage,CBranchCoverageBitString
com.facebook.presto.common.predicate.Marker,default,LINE;BRANCH;EXCEPTION;WEAKMUTATION;OUTPUT;METHOD;METHODNOEXCEPTION;CBRANCH,1,BUDGET,150,0.3,2,8,9,237539,1636840207013,0.08411214953271028,11000000000000100100000000000000000000000000000000001000000000000000000000000000000000000010110000000000010,0.04201680672268908,01000111100000000000000000000000000000000000000000000000000000000000000000000000000000000000000000000000000000000000000,1.0,11111111,0,0,8,1,0.02857142857142857,1110101000000000000000000000000000000000000000000000000000000000000000000000000000000000000000000000000000000000000000000000000000000000000000000000000000000000000000000000000,0.0,000000000000000000000000000000000000000000,0.36363636363636365,1110010000000000011101,0.0,0000000000000000000000,0.04201680672268908,11011100000000000000000000000000000000000000000000000000000000000000000000000000000000000000000000000000000000000000000
