TARGET_CLASS,configuration_id,criterion,ctg_min_time_per_job,ctg_schedule,search_budget,p_object_pool,ctg_time_per_class,Size,Length,Total_Time,Random_Seed,LineCoverage,LineCoverageBitString,BranchCoverage,BranchCoverageBitString,ExceptionCoverage,ExceptionCoverageBitString,Explicit_MethodExceptions,Explicit_TypeExceptions,Implicit_MethodExceptions,Implicit_TypeExceptions,WeakMutationScore,WeakMutationCoverageBitString,OutputCoverage,OutputCoverageBitString,MethodCoverage,MethodCoverageBitString,MethodNoExceptionCoverage,MethodNoExceptionCoverageBitString,CBranchCoverage,CBranchCoverageBitString
com.facebook.presto.common.block.SingleMapBlock,default,LINE;BRANCH;EXCEPTION;WEAKMUTATION;OUTPUT;METHOD;METHODNOEXCEPTION;CBRANCH,1,BUDGET,93,0.3,2,39,78,135745,1636841064711,0.20512820512820512,111111100011111000001111111001001000100001110000000000000000000000111000000000000000000000011100000000000000000000001110000000000000000000000101000000000000000000000000011100000000000000000000001,0.36486486486486486,11111111111111110000110000001100000011000000110000001000000000110000000000,1.0,1111111111111111,1,1,15,1,0.08472553699284009,1110000000000000000000000000000000000000000000000000000000000000000000000011100000000000000011111111111000000000000000000000000000000000000000111111111111100000000000000000000000000000000000000000000000000000000000000000000000000000000000000000000000000001111111110000000000000000000000000000000000000000000000000000000000000000000000000000000000000000000000000000000011111111100000000000000000000000000000000000000000000000000000000000000000000000000000000000000000000000000000000001111111110000000000000000000000000000000000000000000000000000000000000000000000000000000000000000000000000000001110110000000000000000000000000000000000000000000000000000000000000000000000000000000000000000000000000000000000000000000000000000001111111110000000000000000000000000000000000000000000000000000000000000000000000000000000000000000000000000000000,0.30357142857142855,00010100000000111111111000000000000100100100100000100010,1.0,11111111111111111111111,0.5217391304347826,10110001110000001111011,0.36486486486486486,11111111111111110000110000001100000011000000110000001000000000110000000000
