TARGET_CLASS,configuration_id,criterion,ctg_min_time_per_job,ctg_schedule,search_budget,p_object_pool,ctg_time_per_class,Size,Length,Total_Time,Random_Seed,LineCoverage,LineCoverageBitString,BranchCoverage,BranchCoverageBitString,ExceptionCoverage,ExceptionCoverageBitString,Explicit_MethodExceptions,Explicit_TypeExceptions,Implicit_MethodExceptions,Implicit_TypeExceptions,WeakMutationScore,WeakMutationCoverageBitString,OutputCoverage,OutputCoverageBitString,MethodCoverage,MethodCoverageBitString,MethodNoExceptionCoverage,MethodNoExceptionCoverageBitString,CBranchCoverage,CBranchCoverageBitString
com.facebook.presto.orc.stream.LongDecode,default,LINE;BRANCH;EXCEPTION;WEAKMUTATION;OUTPUT;METHOD;METHODNOEXCEPTION;CBRANCH,1,BUDGET,84,0.3,2,44,51,114694,1637433722234,0.7974683544303798,0011111111111111111111111111111111111111111111000000011011100000011111111111111,0.9452054794520548,1111111111111111111111111111111111111111111111111111111000011111111111111,1.0,11111,1,1,4,1,0.7285974499089253,111111111111111111111111111111111111111111111111111111111111111111111111111111111111111111111111111111111111111111111111111111111111111110111111111111111111111111110111111111111111111111111110111111111111111111111111110111111111111111111111111110111111111111111111111111110111111111111111111111111110111111111111111111111101110000000000000000000000000000000000000000000111111111111111111111111110000000001000000000000000000000000000100000000000000000000000000000000000000000000000000000000000001111111111111111111111111111111011111111111111111111111,0.2777777777777778,010010000000000111,1.0,1111111,0.5714285714285714,1100011,0.9452054794520548,1111111111111111111111111111111111111111111111111111111000011111111111111
