TARGET_CLASS,configuration_id,criterion,ctg_min_time_per_job,ctg_schedule,search_budget,p_object_pool,ctg_time_per_class,Size,Length,Total_Time,Random_Seed,LineCoverage,LineCoverageBitString,BranchCoverage,BranchCoverageBitString,ExceptionCoverage,ExceptionCoverageBitString,Explicit_MethodExceptions,Explicit_TypeExceptions,Implicit_MethodExceptions,Implicit_TypeExceptions,WeakMutationScore,WeakMutationCoverageBitString,OutputCoverage,OutputCoverageBitString,MethodCoverage,MethodCoverageBitString,MethodNoExceptionCoverage,MethodNoExceptionCoverageBitString,CBranchCoverage,CBranchCoverageBitString
com.facebook.presto.orc.reader.ReaderUtils,default,LINE;BRANCH;EXCEPTION;WEAKMUTATION;OUTPUT;METHOD;METHODNOEXCEPTION;CBRANCH,1,BUDGET,65,0.3,2,48,158,97059,1637434290479,0.9302325581395349,01111111111111111111111111111111111111111111111111111111111111111111111111111111100000,0.9534883720930233,1001111111111111111111111111111111111111111,1.0,11111111111111111111111,0,0,23,2,0.9642301710730948,0000000000000111111111111111111111011111111111111111111111111111111111111111111111111111111111111111111111111111111111111111111111111111111111111111111111111111111111111111111111111111111111111111111111111111111111111111111111111111111111111111111111111111111111111111111111111111111111111111111011111111111111111111111111011111111111111111111111111011111111111111111111111111111111111111111111111111111111111111111111111111101111111111111111111111111111111111111111111111111111111111111111111111111111101111111111011111011111111001111111111111111111111111111111111111111111111111111111111111111111111111111111111111111111111111111111111111111,0.6,010110110110110,1.0,1111111111111,0.9230769230769231,1111111111110,0.9534883720930233,1001111111111111111111111111111111111111111
