TARGET_CLASS,configuration_id,criterion,ctg_min_time_per_job,ctg_schedule,search_budget,p_object_pool,ctg_time_per_class,Size,Length,Total_Time,Random_Seed,LineCoverage,LineCoverageBitString,BranchCoverage,BranchCoverageBitString,ExceptionCoverage,ExceptionCoverageBitString,Explicit_MethodExceptions,Explicit_TypeExceptions,Implicit_MethodExceptions,Implicit_TypeExceptions,WeakMutationScore,WeakMutationCoverageBitString,OutputCoverage,OutputCoverageBitString,MethodCoverage,MethodCoverageBitString,MethodNoExceptionCoverage,MethodNoExceptionCoverageBitString,CBranchCoverage,CBranchCoverageBitString
com.facebook.presto.tests.hive.TestHiveBasicTableStatistics,default,LINE;BRANCH;EXCEPTION;WEAKMUTATION;OUTPUT;METHOD;METHODNOEXCEPTION;CBRANCH,1,BUDGET,87,0.3,2,9,18,125948,1637610410624,0.09595959595959595,100000000000000000000000000000000000000000000000000011000000000000000110000000000000110000000000001100000011000000011000000000000011000000000000000000011000000000000001100000000000000000000000000000,0.29411764705882354,0000001111010010010010110000000000,1.0,111111111,9,1,0,0,0.024390243902439025,100000000000000000000010000000000000000100000000000000000000000000000000100000000000000000000000000000000001000000000000000000000000000001000000000000000000000001000000000000000000000000000000001000000000000000000000000000000000001000000000000000000000000000000000000000000000000000000000000000000000000000000000000000000000000000000000000000000000000000000000000000000,1.0,,0.7142857142857143,11111111110000,0.07142857142857142,10000000000000,0.29411764705882354,1001010101110000001001100000000000
