TARGET_CLASS,configuration_id,criterion,ctg_min_time_per_job,ctg_schedule,search_budget,p_object_pool,ctg_time_per_class,Size,Length,Total_Time,Random_Seed,LineCoverage,LineCoverageBitString,BranchCoverage,BranchCoverageBitString,ExceptionCoverage,ExceptionCoverageBitString,Explicit_MethodExceptions,Explicit_TypeExceptions,Implicit_MethodExceptions,Implicit_TypeExceptions,WeakMutationScore,WeakMutationCoverageBitString,OutputCoverage,OutputCoverageBitString,MethodCoverage,MethodCoverageBitString,MethodNoExceptionCoverage,MethodNoExceptionCoverageBitString,CBranchCoverage,CBranchCoverageBitString
com.facebook.presto.bytecode.ParameterizedType,default,LINE;BRANCH;EXCEPTION;WEAKMUTATION;OUTPUT;METHOD;METHODNOEXCEPTION;CBRANCH,1,BUDGET,190,0.3,2,39,123,272507,1636847820720,0.7037037037037037,111111111111111111111111111111111111111111111111111111111111101111111111111111111000000000000000000001000000000000000000011111111111111,0.5346534653465347,11111111111111111111110101110101110100110111111111110111111111000000000000000000010000000000000000000,1.0,111111111111,3,1,9,2,0.7684210526315789,11111111111111111111111111111111111011111111101111111011111111101111111111111000000000000000000,0.39603960396039606,11000000101001001100101100100000000000000001110010111010010101010011101001110100101010010101001010100,1.0,1111111111111111111111,1.0,1111111111111111111111,0.43564356435643564,11111111111111111111100000000000000001010111111111110111111110100000000000000000001000000000000000000
