TARGET_CLASS,configuration_id,criterion,ctg_min_time_per_job,ctg_schedule,search_budget,p_object_pool,ctg_time_per_class,Size,Length,Total_Time,Random_Seed,LineCoverage,LineCoverageBitString,BranchCoverage,BranchCoverageBitString,ExceptionCoverage,ExceptionCoverageBitString,Explicit_MethodExceptions,Explicit_TypeExceptions,Implicit_MethodExceptions,Implicit_TypeExceptions,WeakMutationScore,WeakMutationCoverageBitString,OutputCoverage,OutputCoverageBitString,MethodCoverage,MethodCoverageBitString,MethodNoExceptionCoverage,MethodNoExceptionCoverageBitString,CBranchCoverage,CBranchCoverageBitString
com.facebook.presto.common.predicate.TupleDomain,default,LINE;BRANCH;EXCEPTION;WEAKMUTATION;OUTPUT;METHOD;METHODNOEXCEPTION;CBRANCH,1,BUDGET,139,0.3,2,42,130,210037,1637275267755,0.5060975609756098,11111111111111111111110001110000000000000000000000111111111110000000000000000000000000000111100111111111000000000000011111111111111111011111001111100000000001111111,0.5378151260504201,11111111111101100000000000000111101011111111101000000001111111111100100000000000000000011111111111111011101110100000011,1.0,11111111,1,1,7,1,0.6721311475409836,10000000000111001011111111111110000000011111111111101111111111101111011111111111111111111111011111100000000000000011111111,0.5952380952380952,101010101111101010101111101110100100101010,1.0,111111111111111111111111,1.0,111111111111111111111111,0.4957983193277311,10111111111111100000000000000110111011111110110000000001111111001000000000000000000000011111111111111101110110100000011
