TARGET_CLASS,configuration_id,criterion,ctg_min_time_per_job,ctg_schedule,search_budget,p_object_pool,ctg_time_per_class,Size,Length,Total_Time,Random_Seed,LineCoverage,LineCoverageBitString,BranchCoverage,BranchCoverageBitString,ExceptionCoverage,ExceptionCoverageBitString,Explicit_MethodExceptions,Explicit_TypeExceptions,Implicit_MethodExceptions,Implicit_TypeExceptions,WeakMutationScore,WeakMutationCoverageBitString,OutputCoverage,OutputCoverageBitString,MethodCoverage,MethodCoverageBitString,MethodNoExceptionCoverage,MethodNoExceptionCoverageBitString,CBranchCoverage,CBranchCoverageBitString
com.facebook.presto.common.Page,default,LINE;BRANCH;EXCEPTION;WEAKMUTATION;OUTPUT;METHOD;METHODNOEXCEPTION;CBRANCH,1,BUDGET,120,0.3,2,57,155,182171,1636840538151,0.5578947368421052,1111111111111111100100000101000011000001100000000000000000000000000000111111111110000111111111101111100000011111111111101000000011111111111111100000111111111111110110000011111111111100000000,0.5894736842105263,11111111110001111110111011101111111111111001010001000100000000000000000110000111111111100110111,1.0,1111111111111111111111111,3,2,22,2,0.5150753768844221,1111111111110111110010000011111101111100100000111110111110011000001111111011111111111110011111111111111111111111111111111111111111111111111101111111111111111111111111111111111111111111111000011111111111111111111111111111111111000000000000000001001111101000000000001000000000000000000011111010000000000000000000000000000000000000000000000000000000000000000000000000000000000000000000000000000000000000000000000000000000000000000000000000000000000000000000000000000000000000000000111111101111000000000000000000000000000011111111111111111101111111111111111111111111111011111111111100011111111111111111111111111111111111111100011111111111111111111111111111111111111111111111011111111111100000000000000000000000000000011111111111101111111111000000000000000000000000000000000000000111111111101000011000,0.33884297520661155,0000000001111000111100000000000000000101100010000100111100000000001111000111000111100010110010001010000100000000100111110,0.8928571428571429,1111111111111111111111111000,0.6428571428571429,1100110011011011111111011000,0.5368421052631579,11001111110100000111011011110111111111111001010000100010000000000000000110000111111111100110111
