TARGET_CLASS,configuration_id,criterion,ctg_min_time_per_job,ctg_schedule,search_budget,p_object_pool,ctg_time_per_class,Size,Length,Total_Time,Random_Seed,LineCoverage,LineCoverageBitString,BranchCoverage,BranchCoverageBitString,ExceptionCoverage,ExceptionCoverageBitString,Explicit_MethodExceptions,Explicit_TypeExceptions,Implicit_MethodExceptions,Implicit_TypeExceptions,WeakMutationScore,WeakMutationCoverageBitString,OutputCoverage,OutputCoverageBitString,MethodCoverage,MethodCoverageBitString,MethodNoExceptionCoverage,MethodNoExceptionCoverageBitString,CBranchCoverage,CBranchCoverageBitString
com.facebook.presto.common.predicate.Range,default,LINE;BRANCH;EXCEPTION;WEAKMUTATION;OUTPUT;METHOD;METHODNOEXCEPTION;CBRANCH,1,BUDGET,102,0.3,2,9,9,155261,1636840806125,0.0989010989010989,1100000000000010000000000000100000000000000000110000000000000000110001000000000000000000000,0.09523809523809523,000000010011111000000000110000000000000000000000000000000000000000000000000000000000,1.0,11111111,0,0,8,1,0.04294478527607362,1111111000000000000000000000000000000000000000000000000000000000000000000000000000000000000000000000000000000000000000000000000000000000000000000000000000000000000,0.0,000000000000000000000000000000000000000000000000000000000000000000000000000000000000,0.26666666666666666,110100000000011000000000110100,0.0,000000000000000000000000000000,0.09523809523809523,001001101010010000000000110000000000000000000000000000000000000000000000000000000000
