TARGET_CLASS,configuration_id,criterion,ctg_min_time_per_job,ctg_schedule,search_budget,p_object_pool,ctg_time_per_class,Size,Length,Total_Time,Random_Seed,LineCoverage,LineCoverageBitString,BranchCoverage,BranchCoverageBitString,ExceptionCoverage,ExceptionCoverageBitString,Explicit_MethodExceptions,Explicit_TypeExceptions,Implicit_MethodExceptions,Implicit_TypeExceptions,WeakMutationScore,WeakMutationCoverageBitString,OutputCoverage,OutputCoverageBitString,MethodCoverage,MethodCoverageBitString,MethodNoExceptionCoverage,MethodNoExceptionCoverageBitString,CBranchCoverage,CBranchCoverageBitString
com.facebook.presto.spi.HostAddress,default,LINE;BRANCH;EXCEPTION;WEAKMUTATION;OUTPUT;METHOD;METHODNOEXCEPTION;CBRANCH,1,BUDGET,171,0.3,2,40,75,240788,1637297341701,0.9558823529411765,11111111111111111111111100111111111111110111111111111111111111111111,0.9642857142857143,11111111111111111111111111111011111110111111111111111111,1.0,1111111111,4,2,6,2,0.954337899543379,111111111111111111111111111111111111111011101110000111111111111111111111111111111101111111111111111111111110111111111111111111111111001111111111111111111111111111111111111111111111111111111111111111111111111111111111111,0.6530612244897959,1101011011011101111111111011101010101010100110010,1.0,1111111111111,1.0,1111111111111,0.9642857142857143,11111111111111111111111111111011110111111111111111111111
