TARGET_CLASS,configuration_id,criterion,ctg_min_time_per_job,ctg_schedule,search_budget,p_object_pool,ctg_time_per_class,Size,Length,Total_Time,Random_Seed,LineCoverage,LineCoverageBitString,BranchCoverage,BranchCoverageBitString,ExceptionCoverage,ExceptionCoverageBitString,Explicit_MethodExceptions,Explicit_TypeExceptions,Implicit_MethodExceptions,Implicit_TypeExceptions,WeakMutationScore,WeakMutationCoverageBitString,OutputCoverage,OutputCoverageBitString,MethodCoverage,MethodCoverageBitString,MethodNoExceptionCoverage,MethodNoExceptionCoverageBitString,CBranchCoverage,CBranchCoverageBitString
com.facebook.presto.bytecode.ClassDefinition,default,LINE;BRANCH;EXCEPTION;WEAKMUTATION;OUTPUT;METHOD;METHODNOEXCEPTION;CBRANCH,1,BUDGET,82,0.3,2,59,1530,130146,1637292240708,1.0,111111111111111111111111111111111111111111111111111111111111111111111111111111111111111111111111111111,1.0,111111111111111111111111111111111111111111111111111111,1.0,11111111111111111111111111111111,2,2,4,1,0.9672131147540983,1111111101111111111111111111111111111111111111110111111111111,0.3626373626373626,1010101010101010101010101001001000000000000010000000000000000000110111111010011101001101010,1.0,1111111111111111111111111111111,1.0,1111111111111111111111111111111,1.0,111111111111111111111111111111111111111111111111111111
