TARGET_CLASS,configuration_id,criterion,ctg_min_time_per_job,ctg_schedule,search_budget,p_object_pool,ctg_time_per_class,Size,Length,Total_Time,Random_Seed,LineCoverage,LineCoverageBitString,BranchCoverage,BranchCoverageBitString,ExceptionCoverage,ExceptionCoverageBitString,Explicit_MethodExceptions,Explicit_TypeExceptions,Implicit_MethodExceptions,Implicit_TypeExceptions,WeakMutationScore,WeakMutationCoverageBitString,OutputCoverage,OutputCoverageBitString,MethodCoverage,MethodCoverageBitString,MethodNoExceptionCoverage,MethodNoExceptionCoverageBitString,CBranchCoverage,CBranchCoverageBitString
com.facebook.presto.rcfile.RcFileWriteValidation,default,LINE;BRANCH;EXCEPTION;WEAKMUTATION;OUTPUT;METHOD;METHODNOEXCEPTION;CBRANCH,1,BUDGET,30,0.3,2,6,9,40940,1637441068447,0.14414414414414414,000000000000001110000000000000000111111111111000000000000000000000000000100000000000000000000000000000000000000,0.09090909090909091,0000000011110100000000000000000000000000000000000000000,1.0,,0,0,0,0,0.05825242718446602,00011111111111001000000000000000000000000000000000000000000000000000000000000000000000000000000000000000000000000000000000000000000000000000000000000000000000000000000000000000000000000000000000000000000000,0.0,000000000000000000000000,0.2608695652173913,00000010000000011110001,0.17391304347826086,00000000000000011110000,0.09090909090909091,0000000100101110000000000000000000000000000000000000000
