TARGET_CLASS,configuration_id,criterion,ctg_min_time_per_job,ctg_schedule,search_budget,p_object_pool,ctg_time_per_class,Size,Length,Total_Time,Random_Seed,LineCoverage,LineCoverageBitString,BranchCoverage,BranchCoverageBitString,ExceptionCoverage,ExceptionCoverageBitString,Explicit_MethodExceptions,Explicit_TypeExceptions,Implicit_MethodExceptions,Implicit_TypeExceptions,WeakMutationScore,WeakMutationCoverageBitString,OutputCoverage,OutputCoverageBitString,MethodCoverage,MethodCoverageBitString,MethodNoExceptionCoverage,MethodNoExceptionCoverageBitString,CBranchCoverage,CBranchCoverageBitString
com.facebook.presto.orc.metadata.OrcType,default,LINE;BRANCH;EXCEPTION;WEAKMUTATION;OUTPUT;METHOD;METHODNOEXCEPTION;CBRANCH,1,BUDGET,71,0.3,2,3,5,97277,1637434047039,0.0660377358490566,0000000000111000000000000000000000001111000000000000000000000000000000000000000000000000000000000000000000,0.015625,0000000000001000000000000000000000000000000000000000000000000000,1.0,111,0,0,3,1,0.016260162601626018,000000000000000000000000000000000000000000000000000000000000000000011000000000000000000000000000000000000000000000000000000,0.0,00000000000000000000000000000000000000000000,0.21428571428571427,11100000000000,0.0,00000000000000,0.0,0000000000000000000000000000000000000000000000000000000000000000
