TARGET_CLASS,configuration_id,criterion,ctg_min_time_per_job,ctg_schedule,search_budget,p_object_pool,ctg_time_per_class,Size,Length,Total_Time,Random_Seed,LineCoverage,LineCoverageBitString,BranchCoverage,BranchCoverageBitString,ExceptionCoverage,ExceptionCoverageBitString,Explicit_MethodExceptions,Explicit_TypeExceptions,Implicit_MethodExceptions,Implicit_TypeExceptions,WeakMutationScore,WeakMutationCoverageBitString,OutputCoverage,OutputCoverageBitString,MethodCoverage,MethodCoverageBitString,MethodNoExceptionCoverage,MethodNoExceptionCoverageBitString,CBranchCoverage,CBranchCoverageBitString
com.facebook.presto.plugin.geospatial.BingTileUtils,default,LINE;BRANCH;EXCEPTION;WEAKMUTATION;OUTPUT;METHOD;METHODNOEXCEPTION;CBRANCH,1,BUDGET,103,0.3,2,57,116,152408,1637573814909,0.7553956834532374,0111111111111011111110000000000000000000000011111111111111111111111111111111111111111000000011111111111011111111111111110111111111111111111,0.6746987951807228,11111111111111111110011111111111110000000111110001101111001010000000000110111111111,1.0,1111111111111111111111111,9,2,14,4,0.9331175836030206,111111111111111111111111111111111111111111111111111111110000000000001111111111111111111111111111111111111111111111111111111111111111111111111111111111111111111111111111111111111111111111111111111111111111111111111111111111111111111111111111111111111111111111111111111111111111111111111111111111111111111111111111111111111111111111111111111111111111111111111111111111111111111111111111111111111111111111111111111111111111111111111111111111111111111111111111111111111111111111111111111111111111111111111111111111111111111111111111111111111111111111111111111111111111111111111111111111111111111111111110000000011111111111111111111111011101000000001111111111111101001111111000101111110010100000000000000001111111111001111111001011111111111111111111111111111111111111111111111111111111111111111111111111111111111111111011111111111111111111111111111111111111111111111111111111111111111111111111111111111111111111111111111111111111111,0.7126436781609196,111010010100100110110011011011011011111111111111101001001011111111111101110011111110111,1.0,111111111111111111,0.9444444444444444,111101111111111111,0.6626506024096386,11011111111111111110011111111111110000000111110001110101101100000000000110111111111
