TARGET_CLASS,configuration_id,criterion,ctg_min_time_per_job,ctg_schedule,search_budget,p_object_pool,ctg_time_per_class,Size,Length,Total_Time,Random_Seed,LineCoverage,LineCoverageBitString,BranchCoverage,BranchCoverageBitString,ExceptionCoverage,ExceptionCoverageBitString,Explicit_MethodExceptions,Explicit_TypeExceptions,Implicit_MethodExceptions,Implicit_TypeExceptions,WeakMutationScore,WeakMutationCoverageBitString,OutputCoverage,OutputCoverageBitString,MethodCoverage,MethodCoverageBitString,MethodNoExceptionCoverage,MethodNoExceptionCoverageBitString,CBranchCoverage,CBranchCoverageBitString
com.facebook.presto.accumulo.index.ColumnCardinalityCache,default,LINE;BRANCH;EXCEPTION;WEAKMUTATION;OUTPUT;METHOD;METHODNOEXCEPTION;CBRANCH,1,BUDGET,66,0.3,2,5,35,81624,1637457840708,0.24166666666666667,111111111111111111100001100010000111100000000000001100000000000000000000000000000001000000000000000000000000000000000000,0.09090909090909091,000000000110100000100001010000000000000000000000000000000000000000,1.0,1111,1,1,3,1,0.13513513513513514,11110111011101000010000000111111111111100000000000000000000000000000000000000000000000000000000000000000000000000000000000000000000000000000000000000000000000000000000000000000000000000,0.2,10000,0.3333333333333333,111100000000,0.25,110100000000,0.09090909090909091,000000010001100000100000110000000000000000000000000000000000000000
