TARGET_CLASS,configuration_id,criterion,ctg_min_time_per_job,ctg_schedule,search_budget,p_object_pool,ctg_time_per_class,Size,Length,Total_Time,Random_Seed,LineCoverage,LineCoverageBitString,BranchCoverage,BranchCoverageBitString,ExceptionCoverage,ExceptionCoverageBitString,Explicit_MethodExceptions,Explicit_TypeExceptions,Implicit_MethodExceptions,Implicit_TypeExceptions,WeakMutationScore,WeakMutationCoverageBitString,OutputCoverage,OutputCoverageBitString,MethodCoverage,MethodCoverageBitString,MethodNoExceptionCoverage,MethodNoExceptionCoverageBitString,CBranchCoverage,CBranchCoverageBitString
com.facebook.presto.decoder.avro.AvroColumnDecoder,default,LINE;BRANCH;EXCEPTION;WEAKMUTATION;OUTPUT;METHOD;METHODNOEXCEPTION;CBRANCH,1,BUDGET,329,0.3,2,6,20,421863,1637430684693,0.18803418803418803,111111111111110000000011111100100001000000000000000000000000000000000000000000000000000000000000000000000000000000000,0.11363636363636363,000011111111111000100011100000000000000000000000000000000000000000000000000000000000000000000000000000000000000000000000000000000000,1.0,11,1,1,1,1,0.05825242718446602,11110100000001010000000000000001111100000000000000000000000000000000000000000000000000000000000000000000000000000000000000000000000000000000000000000000000000000000000000000000000000000000000000000000000000,0.0,00,0.125,10000000,0.125,10000000,0.11363636363636363,000011111111110100100011100000000000000000000000000000000000000000000000000000000000000000000000000000000000000000000000000000000000
