TARGET_CLASS,configuration_id,criterion,ctg_min_time_per_job,ctg_schedule,search_budget,p_object_pool,ctg_time_per_class,Size,Length,Total_Time,Random_Seed,LineCoverage,LineCoverageBitString,BranchCoverage,BranchCoverageBitString,ExceptionCoverage,ExceptionCoverageBitString,Explicit_MethodExceptions,Explicit_TypeExceptions,Implicit_MethodExceptions,Implicit_TypeExceptions,WeakMutationScore,WeakMutationCoverageBitString,OutputCoverage,OutputCoverageBitString,MethodCoverage,MethodCoverageBitString,MethodNoExceptionCoverage,MethodNoExceptionCoverageBitString,CBranchCoverage,CBranchCoverageBitString
com.facebook.presto.jdbc.ColumnInfo,default,LINE;BRANCH;EXCEPTION;WEAKMUTATION;OUTPUT;METHOD;METHODNOEXCEPTION;CBRANCH,1,BUDGET,182,0.3,2,52,230,245231,1637606275375,0.5614035087719298,111111111111111111111111111111110000001011000000111111111111100000000000000000000000000000000000001111111111111110000000000000000000110000001111111111111111111111111111111,0.5534351145038168,1111111111111111111111111111111111010101010111011101010111010111010101110000000000000000010101000000000100000101010101010101111111010101011101011111110101010101011101010111011111110101011101010000000000000100010100000000000011110101010101011101111101010101010111,0.8,11110,2,2,2,1,0.3722943722943723,111100000000000000000000000000000000000000000000000000000000000000011111111110011100100000000000000000000000000000000000000000000000000000110011111000000000110011111110011111000000000011111111111111111111111111111111111111111111111,0.5882352941176471,110110110110000000111010101110100101101101101101111,1.0,111111111111111111111111111111111,0.9696969696969697,111111111111111111011111111111111,0.5458015267175572,1111111111111111111111111111111111011001011110011001010001111011110000100011011010111011000001100011001011000001100011101000101100010101100100000111111000101001100011111000001010101110001011111010001001000011000101011001011100000001110111010101000110011010011101
