TARGET_CLASS,configuration_id,criterion,ctg_min_time_per_job,ctg_schedule,search_budget,p_object_pool,ctg_time_per_class,Size,Length,Total_Time,Random_Seed,LineCoverage,LineCoverageBitString,BranchCoverage,BranchCoverageBitString,ExceptionCoverage,ExceptionCoverageBitString,Explicit_MethodExceptions,Explicit_TypeExceptions,Implicit_MethodExceptions,Implicit_TypeExceptions,WeakMutationScore,WeakMutationCoverageBitString,OutputCoverage,OutputCoverageBitString,MethodCoverage,MethodCoverageBitString,MethodNoExceptionCoverage,MethodNoExceptionCoverageBitString,CBranchCoverage,CBranchCoverageBitString
com.facebook.presto.common.type.TypeSignature,default,LINE;BRANCH;EXCEPTION;WEAKMUTATION;OUTPUT;METHOD;METHODNOEXCEPTION;CBRANCH,1,BUDGET,328,0.3,2,65,173,472766,1637274967340,0.5669014084507042,11111111111111111111111111111110111111111111111111100000000000000000000000000000000000000000000000000000001111111111111111010000000001111111111111100000000000000000000001010111000000111111111111111111111111111011111111111111111110000111111111101000000111111111111111111000000000000000,0.5525423728813559,1111111111100111111011011101110111111111111111111111111111110111111110111111111111101111010111101001000000000000000000000000000000000000000000000000000000000000000111111011101110111111010000000001111111101111101000000000000000000001010000000111010101000001110111110111111011101111111111111111111,1.0,1111111111111111111,12,3,7,2,0.6978131212723658,11111111011111011111011111111111111111111111111111110110111111111111111111111111111111101111111111111111111111111111111111111100000000000000001000000000000000000000000000000000000000000000000000000000000000000000001111111111111111111111101111111111111111111111111111111111111110100111111111111101011111111111100000000000000000000000000111111111111111101001101111010011000000000001111111111111111111101111111111110111111111011111111101111110111111011111111111001111111101111111111111111111111111111111111,0.47368421052631576,110100000001011101001101101010111010101010100101010100010,0.9,11111111111111111100,0.9,11111111111111111100,0.5457627118644067,1111110111101001111001101111101111111111111111111111111111110111111110111111111111101110101111101001000000000000000000000000000000000000000000000000000000000000000111111110011011111110110000000001111111110111101000000000000000000000101000000110110010100001111111100111111011110111111111111111111
