TARGET_CLASS,configuration_id,criterion,ctg_min_time_per_job,ctg_schedule,search_budget,p_object_pool,ctg_time_per_class,Size,Length,Total_Time,Random_Seed,LineCoverage,LineCoverageBitString,BranchCoverage,BranchCoverageBitString,ExceptionCoverage,ExceptionCoverageBitString,Explicit_MethodExceptions,Explicit_TypeExceptions,Implicit_MethodExceptions,Implicit_TypeExceptions,WeakMutationScore,WeakMutationCoverageBitString,OutputCoverage,OutputCoverageBitString,MethodCoverage,MethodCoverageBitString,MethodNoExceptionCoverage,MethodNoExceptionCoverageBitString,CBranchCoverage,CBranchCoverageBitString
com.facebook.presto.connector.thrift.server.ThriftTpchService,default,LINE;BRANCH;EXCEPTION;WEAKMUTATION;OUTPUT;METHOD;METHODNOEXCEPTION;CBRANCH,1,BUDGET,138,0.3,2,18,381,252056,1637574665196,0.29473684210526313,11111100000000000000111100000000000000110001000000000000111100000000111111111001000000000000010,0.19166666666666668,110111111110111110100000000000000000000101100000010110000000000000000000000000000000000000000000000000000000000000010000,1.0,1111111111,3,2,6,2,0.06825938566552901,11001001100000000000000011100000000000000000000000000000000000000000000000000000000000000000000000000000000000000000000000000011111100000000000001111000000000000000000100000000000000000000000000000000000000000000000000000000000000000000000000000000000000000000000000000000000000000000001000000,0.11538461538461539,0000000000000001000000000101010000000100100000000000,1.0,1111111111111,0.6923076923076923,1101011111100,0.19166666666666668,110111111101111101001000000000000000001000001010010110000000000000000000000000000000000000000000000000000000000000010000
