TARGET_CLASS,configuration_id,criterion,ctg_min_time_per_job,ctg_schedule,search_budget,p_object_pool,ctg_time_per_class,Size,Length,Total_Time,Random_Seed,LineCoverage,LineCoverageBitString,BranchCoverage,BranchCoverageBitString,ExceptionCoverage,ExceptionCoverageBitString,Explicit_MethodExceptions,Explicit_TypeExceptions,Implicit_MethodExceptions,Implicit_TypeExceptions,WeakMutationScore,WeakMutationCoverageBitString,OutputCoverage,OutputCoverageBitString,MethodCoverage,MethodCoverageBitString,MethodNoExceptionCoverage,MethodNoExceptionCoverageBitString,CBranchCoverage,CBranchCoverageBitString
com.facebook.presto.bytecode.MethodDefinition,default,LINE;BRANCH;EXCEPTION;WEAKMUTATION;OUTPUT;METHOD;METHODNOEXCEPTION;CBRANCH,1,BUDGET,76,0.3,2,18,184,101163,1636848344323,0.308411214953271,11111111101111110000000000000000000001111111000000000000000011111111111000000000000000000000000000000000000,0.16981132075471697,00011000000011000000000001101011000000000000000000000,1.0,11111111111,1,1,1,1,0.058823529411764705,00000000000000000000000000000000000000000000000000000000000000001111,0.021052631578947368,00000000000000001000000000000000000000000000000000000000000000000000000000000000000000010000000,0.375,11010000111010000000011011010000,0.34375,11010000110010000000011011010000,0.09433962264150944,10000000000001000001000001001000000000000000000000000
