TARGET_CLASS,configuration_id,criterion,ctg_min_time_per_job,ctg_schedule,search_budget,p_object_pool,ctg_time_per_class,Size,Length,Total_Time,Random_Seed,LineCoverage,LineCoverageBitString,BranchCoverage,BranchCoverageBitString,ExceptionCoverage,ExceptionCoverageBitString,Explicit_MethodExceptions,Explicit_TypeExceptions,Implicit_MethodExceptions,Implicit_TypeExceptions,WeakMutationScore,WeakMutationCoverageBitString,OutputCoverage,OutputCoverageBitString,MethodCoverage,MethodCoverageBitString,MethodNoExceptionCoverage,MethodNoExceptionCoverageBitString,CBranchCoverage,CBranchCoverageBitString
com.facebook.presto.druid.DruidQueryGeneratorContext,default,LINE;BRANCH;EXCEPTION;WEAKMUTATION;OUTPUT;METHOD;METHODNOEXCEPTION;CBRANCH,1,BUDGET,157,0.3,2,29,85,201488,1637483113151,0.6460176991150443,01000001111111111111111111111110111110000000000000000111111111111111000000000000000111111111111111100111111111111,0.703125,1111111111111111111111111011100000111111111111011001000000000011,1.0,111111111111,6,2,6,1,0.5968992248062015,111111111111111111111111111111111111011111111111111110000000000000000000000000000111111111011111111110010101100100000000000000001,0.3409090909090909,01001001001001001010010010000010101010001010,1.0,11111111111111111111,0.9,11111110111101111111,0.703125,1111111111111111111111111011010000111111111101011110000000000011
