TARGET_CLASS,configuration_id,criterion,ctg_min_time_per_job,ctg_schedule,search_budget,p_object_pool,ctg_time_per_class,Size,Length,Total_Time,Random_Seed,LineCoverage,LineCoverageBitString,BranchCoverage,BranchCoverageBitString,ExceptionCoverage,ExceptionCoverageBitString,Explicit_MethodExceptions,Explicit_TypeExceptions,Implicit_MethodExceptions,Implicit_TypeExceptions,WeakMutationScore,WeakMutationCoverageBitString,OutputCoverage,OutputCoverageBitString,MethodCoverage,MethodCoverageBitString,MethodNoExceptionCoverage,MethodNoExceptionCoverageBitString,CBranchCoverage,CBranchCoverageBitString
com.facebook.presto.bytecode.expression.ArithmeticBytecodeExpression,default,LINE;BRANCH;EXCEPTION;WEAKMUTATION;OUTPUT;METHOD;METHODNOEXCEPTION;CBRANCH,1,BUDGET,224,0.3,2,19,85,281185,1637291491500,0.8873239436619719,11111111111011110001111111111111111111111110111111111111111101010111111,0.8181818181818182,11111111111111111111111111111111111111111111111111011101011101111101111111010101100111010110011000111010101111,1.0,1111,2,1,2,1,0.6229508196721312,11111111011111111111111111111111110111100110101010110001101010101011110111101110001100000100000000100000000011111111111000,0.23529411764705882,10000100000000101,1.0,11111,0.8,10111,0.8181818181818182,11111111111111111111111111111111111111111111111011110111101111111101110011110110100110110110011000111001101111
