TARGET_CLASS,configuration_id,criterion,ctg_min_time_per_job,ctg_schedule,search_budget,p_object_pool,ctg_time_per_class,Size,Length,Total_Time,Random_Seed,LineCoverage,LineCoverageBitString,BranchCoverage,BranchCoverageBitString,ExceptionCoverage,ExceptionCoverageBitString,Explicit_MethodExceptions,Explicit_TypeExceptions,Implicit_MethodExceptions,Implicit_TypeExceptions,WeakMutationScore,WeakMutationCoverageBitString,OutputCoverage,OutputCoverageBitString,MethodCoverage,MethodCoverageBitString,MethodNoExceptionCoverage,MethodNoExceptionCoverageBitString,CBranchCoverage,CBranchCoverageBitString
com.facebook.presto.cache.filemerge.FileMergeCacheManager,default,LINE;BRANCH;EXCEPTION;WEAKMUTATION;OUTPUT;METHOD;METHODNOEXCEPTION;CBRANCH,1,BUDGET,326,0.3,2,17,369,514458,1637403040750,0.2559241706161137,1111111111111111111111000111111000000000000000000000111111100101100110000000000000001110000000101110000000000000000000000000000000000000000000000000000000000000000000000000000000000000001111100011000000000000000,0.11666666666666667,000011000111110110100000000010010000000000000000000000000000000000000000000000000000000000000000000000000000000010000001,1.0,1111111,1,1,6,3,0.14814814814814814,111111111111111111100000000000000000000000000001000110000000000000000000000000000000000000000000000000000000000000000000000000000000000000000000000000000010000001,0.5,10,0.4444444444444444,111100000,0.3333333333333333,111000000,0.11666666666666667,000010100111110011010000000001100000000000000000000000000000000000000000000000000000000000000000000000000000000001000001
