TARGET_CLASS,configuration_id,criterion,ctg_min_time_per_job,ctg_schedule,search_budget,p_object_pool,ctg_time_per_class,Size,Length,Total_Time,Random_Seed,LineCoverage,LineCoverageBitString,BranchCoverage,BranchCoverageBitString,ExceptionCoverage,ExceptionCoverageBitString,Explicit_MethodExceptions,Explicit_TypeExceptions,Implicit_MethodExceptions,Implicit_TypeExceptions,WeakMutationScore,WeakMutationCoverageBitString,OutputCoverage,OutputCoverageBitString,MethodCoverage,MethodCoverageBitString,MethodNoExceptionCoverage,MethodNoExceptionCoverageBitString,CBranchCoverage,CBranchCoverageBitString
com.facebook.presto.common.type.TypeSignature,default,LINE;BRANCH;EXCEPTION;WEAKMUTATION;OUTPUT;METHOD;METHODNOEXCEPTION;CBRANCH,1,BUDGET,331,0.3,2,59,165,520150,1636840206864,0.5387323943661971,11111111111111111011111111111110111111111111111111100000000000000000000000000000000000000000000000000000001111111111111111010000000001111100001111100000000000000000000000010111000000111111111111111111111111111011111111111111111110000111111110101000000111111111111011111000000000000000,0.5220338983050847,1111111111100111111011011101110111111111111111111111111111110111111110110011111111101111010111101001000000000000000000000000000000000000000000000000000000000000000111111011101010111111010000000001111011000111101000000000000000000001010000000101010101000001110111110111111011101101111011111111111,1.0,111111111111111,10,3,5,1,0.6719681908548708,11111111011111011111011111111111111111111111111111110110111111111111111111111110111111101111111110111111111111111110111111111100000000000000001000000000000000000000000000000000000000000000000000000000000000000000001111111111111111111111101111111111111111011111111111111111111110100111111111111101011111111111100000000000000000000000000111111111111110101001101111010011000000000001111111111111111111100111111111110111111111011111111100111110111111011111111111001111110100000111111111111011111111111111111,0.47368421052631576,110100000001011101001101101010111010101010100101010100010,0.9,11111111111111111100,0.9,11111111111111111100,0.5152542372881356,1111110111101001111001101111101111111111111111111111111111110111111110101011111111101110101111101001000000000000000000000000000000000000000000000000000000000000000111101110011011111110110000000001110110100111101000000000000000000000101000000010110010100001111111100111111011110011111011111111111
