TARGET_CLASS,configuration_id,criterion,ctg_min_time_per_job,ctg_schedule,search_budget,p_object_pool,ctg_time_per_class,Size,Length,Total_Time,Random_Seed,LineCoverage,LineCoverageBitString,BranchCoverage,BranchCoverageBitString,ExceptionCoverage,ExceptionCoverageBitString,Explicit_MethodExceptions,Explicit_TypeExceptions,Implicit_MethodExceptions,Implicit_TypeExceptions,WeakMutationScore,WeakMutationCoverageBitString,OutputCoverage,OutputCoverageBitString,MethodCoverage,MethodCoverageBitString,MethodNoExceptionCoverage,MethodNoExceptionCoverageBitString,CBranchCoverage,CBranchCoverageBitString
com.facebook.presto.bytecode.expression.CastBytecodeExpression,default,LINE;BRANCH;EXCEPTION;WEAKMUTATION;OUTPUT;METHOD;METHODNOEXCEPTION;CBRANCH,1,BUDGET,473,0.3,2,17,109,571642,1637291098854,0.391304347826087,11111110100000000000000100000000000000100000000000000110101010110000001000000000000001000000000000001000000000000001111111111111110011111111101111111111111111111,0.4511627906976744,11101111111011111110111011111010011111101111010000000000000001000000000000000100000000000000011101010100100000010000000000000001000000000000000100000000000000011111111111111111111110101010101010101111111111111111111,1.0,1111,2,1,2,1,0.7109375,11111111111111111111111111110011111100000000000000110000011111110011100111001111110011111110011111110011111110011111110011111111,0.18181818181818182,01010000000,1.0,1111,1.0,1111,0.4511627906976744,11110101111111111011111011111100010111111111010000000000000000100000000000000100000000000000011010101101000000010000000000000000100000000000000010000000000000011111110111111001111111111100111111111110111100111111111
