TARGET_CLASS,configuration_id,criterion,ctg_min_time_per_job,ctg_schedule,search_budget,p_object_pool,ctg_time_per_class,Size,Length,Total_Time,Random_Seed,LineCoverage,LineCoverageBitString,BranchCoverage,BranchCoverageBitString,ExceptionCoverage,ExceptionCoverageBitString,Explicit_MethodExceptions,Explicit_TypeExceptions,Implicit_MethodExceptions,Implicit_TypeExceptions,WeakMutationScore,WeakMutationCoverageBitString,OutputCoverage,OutputCoverageBitString,MethodCoverage,MethodCoverageBitString,MethodNoExceptionCoverage,MethodNoExceptionCoverageBitString,CBranchCoverage,CBranchCoverageBitString
com.facebook.presto.plugin.memory.MemoryMetadata,default,LINE;BRANCH;EXCEPTION;WEAKMUTATION;OUTPUT;METHOD;METHODNOEXCEPTION;CBRANCH,1,BUDGET,238,0.3,2,14,74,316079,1637464008067,0.2535211267605634,1111111111100000000000000000000000000000010000000011000000110000000110011001101011100000000000000000001100010001111111000000000000000000000000,0.21052631578947367,010111110101010000010010001000000000000000000000000000000,1.0,1111111111,1,1,9,2,0.13,0000000000001010011111100000011000000000000000000000000000000000000000101000000000000100000000000000,0.04918032786885246,0000000000000000000010000000000000000000000000000010010000000,0.5652173913043478,10000111011111001010110,0.21739130434782608,10000000000001000010110,0.21052631578947367,011100111100011000000110010000000000000000000000000000000
